example_id,source_id,source_category,task_type,category,why_shortlisted,token_mapping_status,token_mapping_known,raw_prompt_field,raw_source_info_field,original_response,clean_input_text_for_validation,prompt_fallback_warning,hallucinated_substring,hallucinated_char_span,hallucinated_token_span,first_hallucinated_token_index,raw_ground_truth_field,supporting_context_excerpt,ground_truth_text_verified,corrupted_prompt_candidate,edit_class,edit_delta_text,why_minimal,semantic_equivalence_check,clean_reproduction_status,corrupted_flip_status,reviewer_notes
2793,11931,CNN/DM,Summary,date/year,Single future-year insertion is compact and likely to yield a clean lexical divergence,clean,yes,"Summarize the following news within 166 words:
Tuesday is Equal Pay Day, the fictitious holiday marked by progressive women's groups as the point in the year women would have to work to make up for ""lost"" wages as a result of the so-called wage gap. In the wake of Hillary Clinton's presidential announcement, the ""holiday"" has special meaning. Clinton's election will no doubt center on women voters, and the Democratic women's agenda centers on pay equity and fairness in the workplace. Here's the thing: That 77-cent wage gap statistic is grossly overstated. It's a comparison of averages -- comparing full-time working women with full-time working men -- that doesn't control for any of the important factors that go into determining one's salary such as education, profession, title, time spent in the workforce and time spent in the office each day, to name a few. When we do control for these variables, a much smaller wage gap persists of about 4-6 cents, some of which may be the result of gender discrimination, but also is likely a function of women's choices and different behavior, such as not negotiating as often as men do -- factors for which economists simply can't control. The new women warriors: Reviving the fight for equal rights. I frequently reference my own experience as a working mom with young children as an example of someone who not only made the ""mistake"" of majoring in history but then pursued a career in the nonprofit political world -- not exactly a winning combination if a high salary is the ultimate goal. Add to this the fact that I took time out of the workplace and worked part time to have a family, and my earning potential simply isn't as high as some of my male counterparts. Opinion: Why Hillary Clinton should take a pay cut. Still, conservatives -- and by extension Republicans -- ought to be paying attention to Equal Pay Day. Because for many on the right the midterm election victories signaled that the ""war on women"" narrative was over. That Democrats had overplayed their hand and that candidates such as Colorado's Mark Udall simply couldn't succeed. In some respects, Republicans are right. Voters did choose policy substance over gendered rhetoric, and in many ways they rejected the insidious ""war on women"" narrative. The facts about the gender wage gap. But women voters are valuable, and Equal Pay Day ought to be a reminder that Democrats aren't ready to surrender. Let's remember a 5-point national gender gap still remains in the Democrats' favor. Bottom line: The ""war on women"" narrative hasn't been turned off -- it's simply shifted gears. And with the presidential election season just revving up, we can expect to see the ""war on women"" focus turn to the workplace, where Democrats will claim women are paid unfairly, not given the paid leave benefits they deserve and not given the child care support they demand. Many on the right fear if they try to push back on the issue of pay equity they will be skewered in the polls. But nothing could be further from the truth. Map: Where the gender pay gap is the widest. The Independent Women's Forum conducted a randomized, controlled experiment on the issue of the wage gap, and we found that not surprisingly the progressive message in favor of the Paycheck Fairness Act -- a legislative ""solution"" to close the pay gap -- increased support for the bill but surprisingly was not effective at increasing support for Democrats. In short, if the right is silent on the issue, the left has the potential to win the battle but not the war. It's tempting on days such as Equal Pay Day for Republicans to want to lie low -- to ignore the rhetoric and hope it will all go away by Wednesday. But the reality is that's the worst thing conservatives can do. The public is open to hearing the real story on pay equity, and conservatives need to be ready and willing to respond.

output:","Tuesday is Equal Pay Day, the fictitious holiday marked by progressive women's groups as the point in the year women would have to work to make up for ""lost"" wages as a result of the so-called wage gap. In the wake of Hillary Clinton's presidential announcement, the ""holiday"" has special meaning. Clinton's election will no doubt center on women voters, and the Democratic women's agenda centers on pay equity and fairness in the workplace. Here's the thing: That 77-cent wage gap statistic is grossly overstated. It's a comparison of averages -- comparing full-time working women with full-time working men -- that doesn't control for any of the important factors that go into determining one's salary such as education, profession, title, time spent in the workforce and time spent in the office each day, to name a few. When we do control for these variables, a much smaller wage gap persists of about 4-6 cents, some of which may be the result of gender discrimination, but also is likely a function of women's choices and different behavior, such as not negotiating as often as men do -- factors for which economists simply can't control. The new women warriors: Reviving the fight for equal rights. I frequently reference my own experience as a working mom with young children as an example of someone who not only made the ""mistake"" of majoring in history but then pursued a career in the nonprofit political world -- not exactly a winning combination if a high salary is the ultimate goal. Add to this the fact that I took time out of the workplace and worked part time to have a family, and my earning potential simply isn't as high as some of my male counterparts. Opinion: Why Hillary Clinton should take a pay cut. Still, conservatives -- and by extension Republicans -- ought to be paying attention to Equal Pay Day. Because for many on the right the midterm election victories signaled that the ""war on women"" narrative was over. That Democrats had overplayed their hand and that candidates such as Colorado's Mark Udall simply couldn't succeed. In some respects, Republicans are right. Voters did choose policy substance over gendered rhetoric, and in many ways they rejected the insidious ""war on women"" narrative. The facts about the gender wage gap. But women voters are valuable, and Equal Pay Day ought to be a reminder that Democrats aren't ready to surrender. Let's remember a 5-point national gender gap still remains in the Democrats' favor. Bottom line: The ""war on women"" narrative hasn't been turned off -- it's simply shifted gears. And with the presidential election season just revving up, we can expect to see the ""war on women"" focus turn to the workplace, where Democrats will claim women are paid unfairly, not given the paid leave benefits they deserve and not given the child care support they demand. Many on the right fear if they try to push back on the issue of pay equity they will be skewered in the polls. But nothing could be further from the truth. Map: Where the gender pay gap is the widest. The Independent Women's Forum conducted a randomized, controlled experiment on the issue of the wage gap, and we found that not surprisingly the progressive message in favor of the Paycheck Fairness Act -- a legislative ""solution"" to close the pay gap -- increased support for the bill but surprisingly was not effective at increasing support for Democrats. In short, if the right is silent on the issue, the left has the potential to win the battle but not the war. It's tempting on days such as Equal Pay Day for Republicans to want to lie low -- to ignore the rhetoric and hope it will all go away by Wednesday. But the reality is that's the worst thing conservatives can do. The public is open to hearing the real story on pay equity, and conservatives need to be ready and willing to respond.
","Today is Equal Pay Day, a fictional holiday marked by progressive women's groups to highlight the supposed gender wage gap. However, recent studies have shown that the 77-cent wage gap statistic is exaggerated and doesn't account for important factors like education and job choices. Despite this, Democrats are using the issue to mobilize women voters in the 2020 presidential election. Conservatives should not ignore the issue but instead present a nuanced view of the wage gap and advocate for solutions that promote fairness in the workplace. A new survey by the Independent Women's Forum found that a more balanced approach to addressing the wage gap can increase support for Republican policies.","Summarize the following news within 166 words:
Tuesday is Equal Pay Day, the fictitious holiday marked by progressive women's groups as the point in the year women would have to work to make up for ""lost"" wages as a result of the so-called wage gap. In the wake of Hillary Clinton's presidential announcement, the ""holiday"" has special meaning. Clinton's election will no doubt center on women voters, and the Democratic women's agenda centers on pay equity and fairness in the workplace. Here's the thing: That 77-cent wage gap statistic is grossly overstated. It's a comparison of averages -- comparing full-time working women with full-time working men -- that doesn't control for any of the important factors that go into determining one's salary such as education, profession, title, time spent in the workforce and time spent in the office each day, to name a few. When we do control for these variables, a much smaller wage gap persists of about 4-6 cents, some of which may be the result of gender discrimination, but also is likely a function of women's choices and different behavior, such as not negotiating as often as men do -- factors for which economists simply can't control. The new women warriors: Reviving the fight for equal rights. I frequently reference my own experience as a working mom with young children as an example of someone who not only made the ""mistake"" of majoring in history but then pursued a career in the nonprofit political world -- not exactly a winning combination if a high salary is the ultimate goal. Add to this the fact that I took time out of the workplace and worked part time to have a family, and my earning potential simply isn't as high as some of my male counterparts. Opinion: Why Hillary Clinton should take a pay cut. Still, conservatives -- and by extension Republicans -- ought to be paying attention to Equal Pay Day. Because for many on the right the midterm election victories signaled that the ""war on women"" narrative was over. That Democrats had overplayed their hand and that candidates such as Colorado's Mark Udall simply couldn't succeed. In some respects, Republicans are right. Voters did choose policy substance over gendered rhetoric, and in many ways they rejected the insidious ""war on women"" narrative. The facts about the gender wage gap. But women voters are valuable, and Equal Pay Day ought to be a reminder that Democrats aren't ready to surrender. Let's remember a 5-point national gender gap still remains in the Democrats' favor. Bottom line: The ""war on women"" narrative hasn't been turned off -- it's simply shifted gears. And with the presidential election season just revving up, we can expect to see the ""war on women"" focus turn to the workplace, where Democrats will claim women are paid unfairly, not given the paid leave benefits they deserve and not given the child care support they demand. Many on the right fear if they try to push back on the issue of pay equity they will be skewered in the polls. But nothing could be further from the truth. Map: Where the gender pay gap is the widest. The Independent Women's Forum conducted a randomized, controlled experiment on the issue of the wage gap, and we found that not surprisingly the progressive message in favor of the Paycheck Fairness Act -- a legislative ""solution"" to close the pay gap -- increased support for the bill but surprisingly was not effective at increasing support for Democrats. In short, if the right is silent on the issue, the left has the potential to win the battle but not the war. It's tempting on days such as Equal Pay Day for Republicans to want to lie low -- to ignore the rhetoric and hope it will all go away by Wednesday. But the reality is that's the worst thing conservatives can do. The public is open to hearing the real story on pay equity, and conservatives need to be ready and willing to respond.

output:",,2020,"[360, 364]","[83, 86]",83,"{""total_tokens"": 156, ""annotation"": [[83, 88]]}","Tuesday is Equal Pay Day, the fictitious holiday marked by progressive women's groups as the point in the year women would have to work to make up for ""lost"" wages as a result of the so-called wage gap. In the wake of Hillary Clinton's presidential announcement, the ""holiday"" has special meaning. Clinton's election will no doubt center on women voters, and the Democratic women's agenda centers on pay equity and fairness in the workplace. Here's the thing: That 77-cent wage gap statistic is grossly overstated. It's a comparison of averages -- comparing full-time working women with full-time working men -- that doesn't control for any of the important factors that go into determining one's salary such as education, profession, title, time spent in the workforce and time spent in the office each day, to name a few. When we do control for these variables, a much smaller wage gap persists of about 4-6 cents, some of which may be the result of gender discrimination, but also is likely a function of women's choices and different behavior, such as not negotiating as often as men do -- factors for which economists simply can't control. The new women warriors: Reviving the fight for equal rights. I frequently reference my own experience as a working mom with young children as an example of someone who not only made the ""mistake"" of majoring in history but then pursued a career in the nonprofit political world -- not exactly a winning combination if a high salary is the ultimate goal. Add to this the fact that I took time out of the workplace and worked part time to have a family, and my earning potential simply isn't as high as some of my male counterparts. Opinion: Why Hillary Clinton should take a pay cut. Still, conservatives -- and by extension Republicans -- ought to be paying attention to Equal Pay Day. Because for many on the right the midterm election victories signaled that the ""war on women"" narrative was over. That Democrats had overplayed their hand and that candidates such as Colorado's Mark Udall simply couldn't succeed. In some respects, Republicans are right. Voters did choose policy substance over gendered rhetoric, and in many ways they rejected the insidious ""war on women"" narrative. The facts about the gender wage gap. But women voters are valuable, and Equal Pay Day ought to be a reminder that Democrats aren't ready to surrender. Let's remember a 5-point national gender gap still remains in the Democrats' favor. Bottom line: The ""war on women"" narrative hasn't been turned off -- it's simply shifted gears. And with the presidential election season just revving up, we can expect to see the ""war on women"" focus turn to the workplace, where Democrats will claim women are paid unfairly, not given the paid leave benefits they deserve and not given the child care support they demand. Many on the right fear if they try to push back on the issue of pay equity they will be skewered in the polls. But nothing could be further from the truth. Map: Where the gender pay gap is the widest. The Independent Women's Forum conducted a randomized, controlled experiment on the issue of the wage gap, and we found that not surprisingly the progressive message in favor of the Paycheck Fairness Act -- a legislative ""solution"" to close the pay gap -- increased support for the bill but surprisingly was not effective at increasing support for Democrats. In short, if the right is silent on the issue, the left has the potential to win the battle but not the war. It's tempting on days such as Equal Pay Day for Republicans to want to lie low -- to ignore the rhetoric and hope it will all go away by Wednesday. But the reality is that's the worst thing conservatives can do. The public is open to hearing the real story on pay equity, and conservatives need to be ready and willing to respond.
","- Hillory Clinton announced Presidential was for 2016 
- but as per context, it was never mentioned as 2016 or 2020","Summarize the following news within 166 words. Use only the article's stated date. Do not add a year unless the article explicitly gives one:
Tuesday is Equal Pay Day, the fictitious holiday marked by progressive women's groups as the point in the year women would have to work to make up for ""lost"" wages as a result of the so-called wage gap. In the wake of Hillary Clinton's presidential announcement, the ""holiday"" has special meaning. Clinton's election will no doubt center on women voters, and the Democratic women's agenda centers on pay equity and fairness in the workplace. Here's the thing: That 77-cent wage gap statistic is grossly overstated. It's a comparison of averages -- comparing full-time working women with full-time working men -- that doesn't control for any of the important factors that go into determining one's salary such as education, profession, title, time spent in the workforce and time spent in the office each day, to name a few. When we do control for these variables, a much smaller wage gap persists of about 4-6 cents, some of which may be the result of gender discrimination, but also is likely a function of women's choices and different behavior, such as not negotiating as often as men do -- factors for which economists simply can't control. The new women warriors: Reviving the fight for equal rights. I frequently reference my own experience as a working mom with young children as an example of someone who not only made the ""mistake"" of majoring in history but then pursued a career in the nonprofit political world -- not exactly a winning combination if a high salary is the ultimate goal. Add to this the fact that I took time out of the workplace and worked part time to have a family, and my earning potential simply isn't as high as some of my male counterparts. Opinion: Why Hillary Clinton should take a pay cut. Still, conservatives -- and by extension Republicans -- ought to be paying attention to Equal Pay Day. Because for many on the right the midterm election victories signaled that the ""war on women"" narrative was over. That Democrats had overplayed their hand and that candidates such as Colorado's Mark Udall simply couldn't succeed. In some respects, Republicans are right. Voters did choose policy substance over gendered rhetoric, and in many ways they rejected the insidious ""war on women"" narrative. The facts about the gender wage gap. But women voters are valuable, and Equal Pay Day ought to be a reminder that Democrats aren't ready to surrender. Let's remember a 5-point national gender gap still remains in the Democrats' favor. Bottom line: The ""war on women"" narrative hasn't been turned off -- it's simply shifted gears. And with the presidential election season just revving up, we can expect to see the ""war on women"" focus turn to the workplace, where Democrats will claim women are paid unfairly, not given the paid leave benefits they deserve and not given the child care support they demand. Many on the right fear if they try to push back on the issue of pay equity they will be skewered in the polls. But nothing could be further from the truth. Map: Where the gender pay gap is the widest. The Independent Women's Forum conducted a randomized, controlled experiment on the issue of the wage gap, and we found that not surprisingly the progressive message in favor of the Paycheck Fairness Act -- a legislative ""solution"" to close the pay gap -- increased support for the bill but surprisingly was not effective at increasing support for Democrats. In short, if the right is silent on the issue, the left has the potential to win the battle but not the war. It's tempting on days such as Equal Pay Day for Republicans to want to lie low -- to ignore the rhetoric and hope it will all go away by Wednesday. But the reality is that's the worst thing conservatives can do. The public is open to hearing the real story on pay equity, and conservatives need to be ready and willing to respond.

output:",small_clarification_phrase,Use only the article's stated date. Do not add a year unless the article explicitly gives one,Adds one short factual clarification without changing the summarization task.,yes,,,"- the article mentions Hillory Clinton presidential announcement but does not mentions the year

- Hillory Clintons presidential announcement was for 2016 factually"
813,15728,CNN/DM,Summary,number/count,Clear numeric conflict versus the source and the correction should stay tightly localized,clean,yes,"Summarize the following news within 93 words:
New York (CNN)When Liana Barrientos was 23 years old, she got married in Westchester County, New York. A year later, she got married again in Westchester County, but to a different man and without divorcing her first husband.  Only 18 days after that marriage, she got hitched yet again. Then, Barrientos declared ""I do"" five more times, sometimes only within two weeks of each other. In 2010, she married once more, this time in the Bronx. In an application for a marriage license, she stated it was her ""first and only"" marriage. Barrientos, now 39, is facing two criminal counts of ""offering a false instrument for filing in the first degree,"" referring to her false statements on the 2010 marriage license application, according to court documents. Prosecutors said the marriages were part of an immigration scam. On Friday, she pleaded not guilty at State Supreme Court in the Bronx, according to her attorney, Christopher Wright, who declined to comment further. After leaving court, Barrientos was arrested and charged with theft of service and criminal trespass for allegedly sneaking into the New York subway through an emergency exit, said Detective Annette Markowski, a police spokeswoman. In total, Barrientos has been married 10 times, with nine of her marriages occurring between 1999 and 2002.  All occurred either in Westchester County, Long Island, New Jersey or the Bronx. She is believed to still be married to four men, and at one time, she was married to eight men at once, prosecutors say. Prosecutors said the immigration scam involved some of her husbands, who filed for permanent residence status shortly after the marriages.  Any divorces happened only after such filings were approved. It was unclear whether any of the men will be prosecuted. The case was referred to the Bronx District Attorney's Office by Immigration and Customs Enforcement and the Department of Homeland Security's Investigation Division. Seven of the men are from so-called ""red-flagged"" countries, including Egypt, Turkey, Georgia, Pakistan and Mali. Her eighth husband, Rashid Rajput, was deported in 2006 to his native Pakistan after an investigation by the Joint Terrorism Task Force. If convicted, Barrientos faces up to four years in prison.  Her next court appearance is scheduled for May 18.

output:","New York (CNN)When Liana Barrientos was 23 years old, she got married in Westchester County, New York. A year later, she got married again in Westchester County, but to a different man and without divorcing her first husband.  Only 18 days after that marriage, she got hitched yet again. Then, Barrientos declared ""I do"" five more times, sometimes only within two weeks of each other. In 2010, she married once more, this time in the Bronx. In an application for a marriage license, she stated it was her ""first and only"" marriage. Barrientos, now 39, is facing two criminal counts of ""offering a false instrument for filing in the first degree,"" referring to her false statements on the 2010 marriage license application, according to court documents. Prosecutors said the marriages were part of an immigration scam. On Friday, she pleaded not guilty at State Supreme Court in the Bronx, according to her attorney, Christopher Wright, who declined to comment further. After leaving court, Barrientos was arrested and charged with theft of service and criminal trespass for allegedly sneaking into the New York subway through an emergency exit, said Detective Annette Markowski, a police spokeswoman. In total, Barrientos has been married 10 times, with nine of her marriages occurring between 1999 and 2002.  All occurred either in Westchester County, Long Island, New Jersey or the Bronx. She is believed to still be married to four men, and at one time, she was married to eight men at once, prosecutors say. Prosecutors said the immigration scam involved some of her husbands, who filed for permanent residence status shortly after the marriages.  Any divorces happened only after such filings were approved. It was unclear whether any of the men will be prosecuted. The case was referred to the Bronx District Attorney's Office by Immigration and Customs Enforcement and the Department of Homeland Security's Investigation Division. Seven of the men are from so-called ""red-flagged"" countries, including Egypt, Turkey, Georgia, Pakistan and Mali. Her eighth husband, Rashid Rajput, was deported in 2006 to his native Pakistan after an investigation by the Joint Terrorism Task Force. If convicted, Barrientos faces up to four years in prison.  Her next court appearance is scheduled for May 18.
","Liana Barrientos, 39, was arrested and charged with 10 counts of fraud after marrying 10 different men in New York between 1999 and 2002 as part of an immigration scam. She faces up to 4 years in prison if convicted. Barrientos, who is currently married to 4 men, had previously declared ""I do"" 5 more times, sometimes within 2 weeks of each other. The men involved in the scam filed for permanent residence status shortly after their marriages, and any divorces occurred only after their applications were approved.","Summarize the following news within 93 words:
New York (CNN)When Liana Barrientos was 23 years old, she got married in Westchester County, New York. A year later, she got married again in Westchester County, but to a different man and without divorcing her first husband.  Only 18 days after that marriage, she got hitched yet again. Then, Barrientos declared ""I do"" five more times, sometimes only within two weeks of each other. In 2010, she married once more, this time in the Bronx. In an application for a marriage license, she stated it was her ""first and only"" marriage. Barrientos, now 39, is facing two criminal counts of ""offering a false instrument for filing in the first degree,"" referring to her false statements on the 2010 marriage license application, according to court documents. Prosecutors said the marriages were part of an immigration scam. On Friday, she pleaded not guilty at State Supreme Court in the Bronx, according to her attorney, Christopher Wright, who declined to comment further. After leaving court, Barrientos was arrested and charged with theft of service and criminal trespass for allegedly sneaking into the New York subway through an emergency exit, said Detective Annette Markowski, a police spokeswoman. In total, Barrientos has been married 10 times, with nine of her marriages occurring between 1999 and 2002.  All occurred either in Westchester County, Long Island, New Jersey or the Bronx. She is believed to still be married to four men, and at one time, she was married to eight men at once, prosecutors say. Prosecutors said the immigration scam involved some of her husbands, who filed for permanent residence status shortly after the marriages.  Any divorces happened only after such filings were approved. It was unclear whether any of the men will be prosecuted. The case was referred to the Bronx District Attorney's Office by Immigration and Customs Enforcement and the Department of Homeland Security's Investigation Division. Seven of the men are from so-called ""red-flagged"" countries, including Egypt, Turkey, Georgia, Pakistan and Mali. Her eighth husband, Rashid Rajput, was deported in 2006 to his native Pakistan after an investigation by the Joint Terrorism Task Force. If convicted, Barrientos faces up to four years in prison.  Her next court appearance is scheduled for May 18.

output:",,10 counts of fraud,"[52, 70]","[17, 22]",17,"{""total_tokens"": 136, ""annotation"": [[17, 24]]}","New York (CNN)When Liana Barrientos was 23 years old, she got married in Westchester County, New York. A year later, she got married again in Westchester County, but to a different man and without divorcing her first husband.  Only 18 days after that marriage, she got hitched yet again. Then, Barrientos declared ""I do"" five more times, sometimes only within two weeks of each other. In 2010, she married once more, this time in the Bronx. In an application for a marriage license, she stated it was her ""first and only"" marriage. Barrientos, now 39, is facing two criminal counts of ""offering a false instrument for filing in the first degree,"" referring to her false statements on the 2010 marriage license application, according to court documents. Prosecutors said the marriages were part of an immigration scam. On Friday, she pleaded not guilty at State Supreme Court in the Bronx, according to her attorney, Christopher Wright, who declined to comment further. After leaving court, Barrientos was arrested and charged with theft of service and criminal trespass for allegedly sneaking into the New York subway through an emergency exit, said Detective Annette Markowski, a police spokeswoman. In total, Barrientos has been married 10 times, with nine of her marriages occurring between 1999 and 2002.  All occurred either in Westchester County, Long Island, New Jersey or the Bronx. She is believed to still be married to four men, and at one time, she was married to eight men at once, prosecutors say. Prosecutors said the immigration scam involved some of her husbands, who filed for permanent residence status shortly after the marriages.  Any divorces happened only after such filings were approved. It was unclear whether any of the men will be prosecuted. The case was referred to the Bronx District Attorney's Office by Immigration and Customs Enforcement and the Department of Homeland Security's Investigation Division. Seven of the men are from so-called ""red-flagged"" countries, including Egypt, Turkey, Georgia, Pakistan and Mali. Her eighth husband, Rashid Rajput, was deported in 2006 to his native Pakistan after an investigation by the Joint Terrorism Task Force. If convicted, Barrientos faces up to four years in prison.  Her next court appearance is scheduled for May 18.
",two criminal counts of offering a false instrument for filing in the first degree,"Summarize the following news within 93 words. Use only the charges explicitly stated for the marriage-fraud case. Do not replace them with unrelated arrest charges or invented fraud counts:
New York (CNN)When Liana Barrientos was 23 years old, she got married in Westchester County, New York. A year later, she got married again in Westchester County, but to a different man and without divorcing her first husband.  Only 18 days after that marriage, she got hitched yet again. Then, Barrientos declared ""I do"" five more times, sometimes only within two weeks of each other. In 2010, she married once more, this time in the Bronx. In an application for a marriage license, she stated it was her ""first and only"" marriage. Barrientos, now 39, is facing two criminal counts of ""offering a false instrument for filing in the first degree,"" referring to her false statements on the 2010 marriage license application, according to court documents. Prosecutors said the marriages were part of an immigration scam. On Friday, she pleaded not guilty at State Supreme Court in the Bronx, according to her attorney, Christopher Wright, who declined to comment further. After leaving court, Barrientos was arrested and charged with theft of service and criminal trespass for allegedly sneaking into the New York subway through an emergency exit, said Detective Annette Markowski, a police spokeswoman. In total, Barrientos has been married 10 times, with nine of her marriages occurring between 1999 and 2002.  All occurred either in Westchester County, Long Island, New Jersey or the Bronx. She is believed to still be married to four men, and at one time, she was married to eight men at once, prosecutors say. Prosecutors said the immigration scam involved some of her husbands, who filed for permanent residence status shortly after the marriages.  Any divorces happened only after such filings were approved. It was unclear whether any of the men will be prosecuted. The case was referred to the Bronx District Attorney's Office by Immigration and Customs Enforcement and the Department of Homeland Security's Investigation Division. Seven of the men are from so-called ""red-flagged"" countries, including Egypt, Turkey, Georgia, Pakistan and Mali. Her eighth husband, Rashid Rajput, was deported in 2006 to his native Pakistan after an investigation by the Joint Terrorism Task Force. If convicted, Barrientos faces up to four years in prison.  Her next court appearance is scheduled for May 18.

output:",small_clarification_phrase,Use only the charges explicitly stated for the marriage-fraud case. Do not replace them with unrelated arrest charges or invented fraud counts.,Adds one short factual clarification without changing the summarization task.,yes,,,"- article says that she was arrested and charged with theft of service and criminal trespass
"
3573,12062,CNN/DM,Summary,date/year,Full calendar date appears to be invented and should localize to a short temporal span,clean,yes,"Summarize the following news within 200 words:
The stark video of a South Carolina officer gunning down an apparently unarmed black man as he ran away with his back to police has prompted an equally fast-moving reaction by officials and the public alike. The video is being dissected frame by frame by authorities and media outlets, all in an effort to reconstruct what exactly happened between North Charleston police Officer Michael Slager, a five-year employee of that force, and Walter Scott, 50. Slager, 33, was charged Tuesday with first-degree murder after firing eight shots at Scott, killing him. Slager is also now ""terminated"" from the force, North Charleston Mayor Keith Summey said Wednesday. Added police Chief Eddie Driggers on Wednesday: ""I watched the video, and I was sickened by what I saw and I have not watched it since."" Both Scott and Slager had once served in the U.S. Coast Guard, with Scott's service occurring 1984-86 and Slager's 2003-09. Scott was a father of four. Slager is a father to two stepchildren, and his wife is eight months' pregnant. Here's what we know of the fatal shooting:. Slager pulled Scott over at 9:33 a.m. Saturday for a broken taillight, according to authorities. Chief Driggers described the incident as ""traffic stop of an individual who had a minor infraction on his vehicle, a brake light being out."" A foot chase then occurred, a police report said. The video, taken by a passer-by, doesn't show any vehicle. Rather, Slager and Scott are on a path or roadway in a parklike setting bordered partly by a chain-link fence. The video was shot over and through the fence. ""The officer said that Walter ran from the vehicle during the traffic stop,"" Scott family attorney L. Chris Stewart said. According to the police report, Scott did not comply with the officer's demands. Scott's brother, Anthony Scott, said his brother had trouble with child support and had an outstanding warrant against him, but that his sibling wasn't prone to violence. ""That very well could have been the reason (for running from police), not to be arrested for the warrant that was on him for child support,"" Anthony Scott said. The video begins by showing a second or two of an apparent struggle between the officer and suspect. The officer contended he used a Taser stun gun on Scott and that Scott tried to take that weapon, authorities said. But when Anthony Scott saw the video, he was convinced the officer lied, he told CNN. ""There was not a struggle for the Taser,"" Anthony Scott said. ""I didn't believe my brother would have done that anyway."" The video shows Walter Scott running away, with his back to the officer. As he does so, two objects fall. One falls behind the officer. And the other falls between the two men. To Anthony Scott, the videotape shows his brother was ""running for his life"" away from the officer to escape more of the Taser. ""I think my brother was thinking he was not going to be shot. No one would have thought that,"" Scott said. As Walter Scott runs away, the officer pulls his service pistol and fires eight times, the video shows. As the shots are being fired, Scott keeps running away from the officer, the video shows. Scott then falls. Later in the video, when the officer approaches Scott's body, he drops a dark object next to the man. It's not clear whether it is the Taser. It's also unknown whether Scott took the officer's Taser, or whether the officer picked the object up and moved it closer to the body. Immediately after Scott was shot, according to the video, someone yells, ""Put your hands behind your back!"" Scott, motionless and face-down on the ground, is handcuffed. It was Slager who apparently called police dispatch. ""226 to dispatch, shots fired, subject is down. He grabbed my Taser,"" Slager told the dispatcher, according to a transcript provide by Broadcastify.com. The dispatcher notes that the subject is down at 9:38 a.m., according to the transcript. About 90 seconds after saying that Scott ""grabbed"" his Taser, the officer describes Scott as unresponsive and having wounds to the chest, right thigh and buttocks, according to the transcript. The location of the shooting is behind a pawn shop, the officer tells the dispatcher. A police report identified that shop as Mega Pawn. According to CNN affiliate WCIV-TV in Charleston, Slager initially said through his attorney, David Aylor, that he followed the appropriate policies and procedures. However, Aylor later told CNN that he was no longer representing the officer. ""Today, I withdrew my representation of Michael Slager. This is a terrible tragedy that has impacted our community,"" Aylor said in a statement. Later, Anthony Scott's mother calls him and says his brother was Tasered at a traffic stop. Anthony Scott goes to the scene and finds it curious to see police tape around his brother's vehicle and the officer's vehicle. He asks officers what happened. No one replies. Then Anthony Scott's nephew tells him that ""my brother is gone,"" Anthony Scott said. ""And at that, I lost it,"" Anthony Scott said. An officer also apprises him later of what happened. Anthony Scott is shown the video for the first time on Sunday. ""My reaction to it was that we have to get ahold of the video and that this was key evidence, key evidence in the case,"" Anthony Scott said. ""We had to get it. The country had to see this."" He felt ""a little bit of anger and happy at the same time,"" the brother said. ""Based on what the video was showing, it was discrediting what the officer had initially stated,"" Anthony Scott said. The nation did indeed see the video -- and was stunned by its revelations. Authorities saw it, too. Slager was denied bail at a bond hearing Tuesday night, WCIV reported. ""I have two stepchildren and one on the way,"" Slager told a magistrate through video conferencing. If found guilty of murder, Slager could face up to life in prison or death. The city of North Charleston will continue to cover the insurance for the pregnancy of Slager's wife, the mayor said. An autopsy on Scott, performed Sunday, ""revealed that Mr. Scott sustained multiple gunshot wounds to the back of his body and the manner of death was ruled 'Homicide,' "" Charleston County Coroner Rae H. Wooten said Wednesday. Anthony Scott said Wednesday that his brother was ""shot in the back four times."" The autopsy findings support family's claims that the police used excessive use -- even if the video never existed, Anthony Scott said. ""Eventually we would have gotten to this point, but not this fast,"" Anthony Scott said. ""There is absolutely no way to cover that up,"" he added about the gunshot wounds to the back. North Charleston police aren't involved in the investigation into the shooting and have turned the matter over to the South Carolina Law Enforcement Division. The FBI is also investigating. Anthony Scott and family attorney Stewart believe the object that Officer Slager relocated at the crime scene is the Taser, they said. Stewart also accused the officer of trying to plant evidence by moving the Taser and placing it close to Walter Scott's body. A slow-motion analysis of the tape, along with highlights of key moments, supports the family's step-by-step interpretation of the officer's actions, including the handling of the Taser, the attorney alleged. ""He drops the Taser, kills Mr. Scott, walks all the way back, picks something up off the ground from where he was taking the shots, comes back to the body, waits a second, drops it on the ground, and then pretends to be recovering it and putting it back on his holster,"" Stewart said, referring to the Taser. ""Why we believe that is because it fits in line with his initial report of what happened out there. I mean he just committed a murder. He needed something, a justifiable reason to use lethal force, and that's the only thing he could think of,"" Stewart said. Neither Officer Slager or his attorney could be reached for comment Wednesday. Authorities aren't commenting on the details of the case while it's under investigation. CNN's Ashley Fantz, Holly Yan, Ryan Scallan, Tristan Smith, Martin Savidge, Dana Ford, Sam Stringer, Randi Kaye, Chandler Friedman, Evan Perez, Don Lemon, Steve Brusk, John Newsome, Tony Marco and Christie Bear contributed to this report.

output:","The stark video of a South Carolina officer gunning down an apparently unarmed black man as he ran away with his back to police has prompted an equally fast-moving reaction by officials and the public alike. The video is being dissected frame by frame by authorities and media outlets, all in an effort to reconstruct what exactly happened between North Charleston police Officer Michael Slager, a five-year employee of that force, and Walter Scott, 50. Slager, 33, was charged Tuesday with first-degree murder after firing eight shots at Scott, killing him. Slager is also now ""terminated"" from the force, North Charleston Mayor Keith Summey said Wednesday. Added police Chief Eddie Driggers on Wednesday: ""I watched the video, and I was sickened by what I saw and I have not watched it since."" Both Scott and Slager had once served in the U.S. Coast Guard, with Scott's service occurring 1984-86 and Slager's 2003-09. Scott was a father of four. Slager is a father to two stepchildren, and his wife is eight months' pregnant. Here's what we know of the fatal shooting:. Slager pulled Scott over at 9:33 a.m. Saturday for a broken taillight, according to authorities. Chief Driggers described the incident as ""traffic stop of an individual who had a minor infraction on his vehicle, a brake light being out."" A foot chase then occurred, a police report said. The video, taken by a passer-by, doesn't show any vehicle. Rather, Slager and Scott are on a path or roadway in a parklike setting bordered partly by a chain-link fence. The video was shot over and through the fence. ""The officer said that Walter ran from the vehicle during the traffic stop,"" Scott family attorney L. Chris Stewart said. According to the police report, Scott did not comply with the officer's demands. Scott's brother, Anthony Scott, said his brother had trouble with child support and had an outstanding warrant against him, but that his sibling wasn't prone to violence. ""That very well could have been the reason (for running from police), not to be arrested for the warrant that was on him for child support,"" Anthony Scott said. The video begins by showing a second or two of an apparent struggle between the officer and suspect. The officer contended he used a Taser stun gun on Scott and that Scott tried to take that weapon, authorities said. But when Anthony Scott saw the video, he was convinced the officer lied, he told CNN. ""There was not a struggle for the Taser,"" Anthony Scott said. ""I didn't believe my brother would have done that anyway."" The video shows Walter Scott running away, with his back to the officer. As he does so, two objects fall. One falls behind the officer. And the other falls between the two men. To Anthony Scott, the videotape shows his brother was ""running for his life"" away from the officer to escape more of the Taser. ""I think my brother was thinking he was not going to be shot. No one would have thought that,"" Scott said. As Walter Scott runs away, the officer pulls his service pistol and fires eight times, the video shows. As the shots are being fired, Scott keeps running away from the officer, the video shows. Scott then falls. Later in the video, when the officer approaches Scott's body, he drops a dark object next to the man. It's not clear whether it is the Taser. It's also unknown whether Scott took the officer's Taser, or whether the officer picked the object up and moved it closer to the body. Immediately after Scott was shot, according to the video, someone yells, ""Put your hands behind your back!"" Scott, motionless and face-down on the ground, is handcuffed. It was Slager who apparently called police dispatch. ""226 to dispatch, shots fired, subject is down. He grabbed my Taser,"" Slager told the dispatcher, according to a transcript provide by Broadcastify.com. The dispatcher notes that the subject is down at 9:38 a.m., according to the transcript. About 90 seconds after saying that Scott ""grabbed"" his Taser, the officer describes Scott as unresponsive and having wounds to the chest, right thigh and buttocks, according to the transcript. The location of the shooting is behind a pawn shop, the officer tells the dispatcher. A police report identified that shop as Mega Pawn. According to CNN affiliate WCIV-TV in Charleston, Slager initially said through his attorney, David Aylor, that he followed the appropriate policies and procedures. However, Aylor later told CNN that he was no longer representing the officer. ""Today, I withdrew my representation of Michael Slager. This is a terrible tragedy that has impacted our community,"" Aylor said in a statement. Later, Anthony Scott's mother calls him and says his brother was Tasered at a traffic stop. Anthony Scott goes to the scene and finds it curious to see police tape around his brother's vehicle and the officer's vehicle. He asks officers what happened. No one replies. Then Anthony Scott's nephew tells him that ""my brother is gone,"" Anthony Scott said. ""And at that, I lost it,"" Anthony Scott said. An officer also apprises him later of what happened. Anthony Scott is shown the video for the first time on Sunday. ""My reaction to it was that we have to get ahold of the video and that this was key evidence, key evidence in the case,"" Anthony Scott said. ""We had to get it. The country had to see this."" He felt ""a little bit of anger and happy at the same time,"" the brother said. ""Based on what the video was showing, it was discrediting what the officer had initially stated,"" Anthony Scott said. The nation did indeed see the video -- and was stunned by its revelations. Authorities saw it, too. Slager was denied bail at a bond hearing Tuesday night, WCIV reported. ""I have two stepchildren and one on the way,"" Slager told a magistrate through video conferencing. If found guilty of murder, Slager could face up to life in prison or death. The city of North Charleston will continue to cover the insurance for the pregnancy of Slager's wife, the mayor said. An autopsy on Scott, performed Sunday, ""revealed that Mr. Scott sustained multiple gunshot wounds to the back of his body and the manner of death was ruled 'Homicide,' "" Charleston County Coroner Rae H. Wooten said Wednesday. Anthony Scott said Wednesday that his brother was ""shot in the back four times."" The autopsy findings support family's claims that the police used excessive use -- even if the video never existed, Anthony Scott said. ""Eventually we would have gotten to this point, but not this fast,"" Anthony Scott said. ""There is absolutely no way to cover that up,"" he added about the gunshot wounds to the back. North Charleston police aren't involved in the investigation into the shooting and have turned the matter over to the South Carolina Law Enforcement Division. The FBI is also investigating. Anthony Scott and family attorney Stewart believe the object that Officer Slager relocated at the crime scene is the Taser, they said. Stewart also accused the officer of trying to plant evidence by moving the Taser and placing it close to Walter Scott's body. A slow-motion analysis of the tape, along with highlights of key moments, supports the family's step-by-step interpretation of the officer's actions, including the handling of the Taser, the attorney alleged. ""He drops the Taser, kills Mr. Scott, walks all the way back, picks something up off the ground from where he was taking the shots, comes back to the body, waits a second, drops it on the ground, and then pretends to be recovering it and putting it back on his holster,"" Stewart said, referring to the Taser. ""Why we believe that is because it fits in line with his initial report of what happened out there. I mean he just committed a murder. He needed something, a justifiable reason to use lethal force, and that's the only thing he could think of,"" Stewart said. Neither Officer Slager or his attorney could be reached for comment Wednesday. Authorities aren't commenting on the details of the case while it's under investigation. CNN's Ashley Fantz, Holly Yan, Ryan Scallan, Tristan Smith, Martin Savidge, Dana Ford, Sam Stringer, Randi Kaye, Chandler Friedman, Evan Perez, Don Lemon, Steve Brusk, John Newsome, Tony Marco and Christie Bear contributed to this report.
","On Saturday, April 10, North Charleston police officer Michael Slager shot and killed 50-year-old Walter Scott during a traffic stop. The video of the incident, which was taken by a passing pedestrian, has sparked outrage and Fast reaction from officials and the public alike. According to the video, Scott can be seen running away from Slager with his back to the officer, and Slager then fires eight shots at Scott, killing him. Slager has been charged with first-degree murder, and the officer's termination was announced shortly after the incident. The video has been analyzed frame by frame by authorities and media outlets, with many questioning the officer's account of events. The family of Scott has claimed that he was shot in the back four times, contradicting Slager's initial statement that Scott had grabbed his Taser before being shot. The incident has sparked a national conversation about police brutality and the need for reform.","Summarize the following news within 200 words:
The stark video of a South Carolina officer gunning down an apparently unarmed black man as he ran away with his back to police has prompted an equally fast-moving reaction by officials and the public alike. The video is being dissected frame by frame by authorities and media outlets, all in an effort to reconstruct what exactly happened between North Charleston police Officer Michael Slager, a five-year employee of that force, and Walter Scott, 50. Slager, 33, was charged Tuesday with first-degree murder after firing eight shots at Scott, killing him. Slager is also now ""terminated"" from the force, North Charleston Mayor Keith Summey said Wednesday. Added police Chief Eddie Driggers on Wednesday: ""I watched the video, and I was sickened by what I saw and I have not watched it since."" Both Scott and Slager had once served in the U.S. Coast Guard, with Scott's service occurring 1984-86 and Slager's 2003-09. Scott was a father of four. Slager is a father to two stepchildren, and his wife is eight months' pregnant. Here's what we know of the fatal shooting:. Slager pulled Scott over at 9:33 a.m. Saturday for a broken taillight, according to authorities. Chief Driggers described the incident as ""traffic stop of an individual who had a minor infraction on his vehicle, a brake light being out."" A foot chase then occurred, a police report said. The video, taken by a passer-by, doesn't show any vehicle. Rather, Slager and Scott are on a path or roadway in a parklike setting bordered partly by a chain-link fence. The video was shot over and through the fence. ""The officer said that Walter ran from the vehicle during the traffic stop,"" Scott family attorney L. Chris Stewart said. According to the police report, Scott did not comply with the officer's demands. Scott's brother, Anthony Scott, said his brother had trouble with child support and had an outstanding warrant against him, but that his sibling wasn't prone to violence. ""That very well could have been the reason (for running from police), not to be arrested for the warrant that was on him for child support,"" Anthony Scott said. The video begins by showing a second or two of an apparent struggle between the officer and suspect. The officer contended he used a Taser stun gun on Scott and that Scott tried to take that weapon, authorities said. But when Anthony Scott saw the video, he was convinced the officer lied, he told CNN. ""There was not a struggle for the Taser,"" Anthony Scott said. ""I didn't believe my brother would have done that anyway."" The video shows Walter Scott running away, with his back to the officer. As he does so, two objects fall. One falls behind the officer. And the other falls between the two men. To Anthony Scott, the videotape shows his brother was ""running for his life"" away from the officer to escape more of the Taser. ""I think my brother was thinking he was not going to be shot. No one would have thought that,"" Scott said. As Walter Scott runs away, the officer pulls his service pistol and fires eight times, the video shows. As the shots are being fired, Scott keeps running away from the officer, the video shows. Scott then falls. Later in the video, when the officer approaches Scott's body, he drops a dark object next to the man. It's not clear whether it is the Taser. It's also unknown whether Scott took the officer's Taser, or whether the officer picked the object up and moved it closer to the body. Immediately after Scott was shot, according to the video, someone yells, ""Put your hands behind your back!"" Scott, motionless and face-down on the ground, is handcuffed. It was Slager who apparently called police dispatch. ""226 to dispatch, shots fired, subject is down. He grabbed my Taser,"" Slager told the dispatcher, according to a transcript provide by Broadcastify.com. The dispatcher notes that the subject is down at 9:38 a.m., according to the transcript. About 90 seconds after saying that Scott ""grabbed"" his Taser, the officer describes Scott as unresponsive and having wounds to the chest, right thigh and buttocks, according to the transcript. The location of the shooting is behind a pawn shop, the officer tells the dispatcher. A police report identified that shop as Mega Pawn. According to CNN affiliate WCIV-TV in Charleston, Slager initially said through his attorney, David Aylor, that he followed the appropriate policies and procedures. However, Aylor later told CNN that he was no longer representing the officer. ""Today, I withdrew my representation of Michael Slager. This is a terrible tragedy that has impacted our community,"" Aylor said in a statement. Later, Anthony Scott's mother calls him and says his brother was Tasered at a traffic stop. Anthony Scott goes to the scene and finds it curious to see police tape around his brother's vehicle and the officer's vehicle. He asks officers what happened. No one replies. Then Anthony Scott's nephew tells him that ""my brother is gone,"" Anthony Scott said. ""And at that, I lost it,"" Anthony Scott said. An officer also apprises him later of what happened. Anthony Scott is shown the video for the first time on Sunday. ""My reaction to it was that we have to get ahold of the video and that this was key evidence, key evidence in the case,"" Anthony Scott said. ""We had to get it. The country had to see this."" He felt ""a little bit of anger and happy at the same time,"" the brother said. ""Based on what the video was showing, it was discrediting what the officer had initially stated,"" Anthony Scott said. The nation did indeed see the video -- and was stunned by its revelations. Authorities saw it, too. Slager was denied bail at a bond hearing Tuesday night, WCIV reported. ""I have two stepchildren and one on the way,"" Slager told a magistrate through video conferencing. If found guilty of murder, Slager could face up to life in prison or death. The city of North Charleston will continue to cover the insurance for the pregnancy of Slager's wife, the mayor said. An autopsy on Scott, performed Sunday, ""revealed that Mr. Scott sustained multiple gunshot wounds to the back of his body and the manner of death was ruled 'Homicide,' "" Charleston County Coroner Rae H. Wooten said Wednesday. Anthony Scott said Wednesday that his brother was ""shot in the back four times."" The autopsy findings support family's claims that the police used excessive use -- even if the video never existed, Anthony Scott said. ""Eventually we would have gotten to this point, but not this fast,"" Anthony Scott said. ""There is absolutely no way to cover that up,"" he added about the gunshot wounds to the back. North Charleston police aren't involved in the investigation into the shooting and have turned the matter over to the South Carolina Law Enforcement Division. The FBI is also investigating. Anthony Scott and family attorney Stewart believe the object that Officer Slager relocated at the crime scene is the Taser, they said. Stewart also accused the officer of trying to plant evidence by moving the Taser and placing it close to Walter Scott's body. A slow-motion analysis of the tape, along with highlights of key moments, supports the family's step-by-step interpretation of the officer's actions, including the handling of the Taser, the attorney alleged. ""He drops the Taser, kills Mr. Scott, walks all the way back, picks something up off the ground from where he was taking the shots, comes back to the body, waits a second, drops it on the ground, and then pretends to be recovering it and putting it back on his holster,"" Stewart said, referring to the Taser. ""Why we believe that is because it fits in line with his initial report of what happened out there. I mean he just committed a murder. He needed something, a justifiable reason to use lethal force, and that's the only thing he could think of,"" Stewart said. Neither Officer Slager or his attorney could be reached for comment Wednesday. Authorities aren't commenting on the details of the case while it's under investigation. CNN's Ashley Fantz, Holly Yan, Ryan Scallan, Tristan Smith, Martin Savidge, Dana Ford, Sam Stringer, Randi Kaye, Chandler Friedman, Evan Perez, Don Lemon, Steve Brusk, John Newsome, Tony Marco and Christie Bear contributed to this report.

output:",,"On Saturday, April 10","[0, 21]","[0, 6]",0,"{""total_tokens"": 211, ""annotation"": [[1, 8]]}","The stark video of a South Carolina officer gunning down an apparently unarmed black man as he ran away with his back to police has prompted an equally fast-moving reaction by officials and the public alike. The video is being dissected frame by frame by authorities and media outlets, all in an effort to reconstruct what exactly happened between North Charleston police Officer Michael Slager, a five-year employee of that force, and Walter Scott, 50. Slager, 33, was charged Tuesday with first-degree murder after firing eight shots at Scott, killing him. Slager is also now ""terminated"" from the force, North Charleston Mayor Keith Summey said Wednesday. Added police Chief Eddie Driggers on Wednesday: ""I watched the video, and I was sickened by what I saw and I have not watched it since."" Both Scott and Slager had once served in the U.S. Coast Guard, with Scott's service occurring 1984-86 and Slager's 2003-09. Scott was a father of four. Slager is a father to two stepchildren, and his wife is eight months' pregnant. Here's what we know of the fatal shooting:. Slager pulled Scott over at 9:33 a.m. Saturday for a broken taillight, according to authorities. Chief Driggers described the incident as ""traffic stop of an individual who had a minor infraction on his vehicle, a brake light being out."" A foot chase then occurred, a police report said. The video, taken by a passer-by, doesn't show any vehicle. Rather, Slager and Scott are on a path or roadway in a parklike setting bordered partly by a chain-link fence. The video was shot over and through the fence. ""The officer said that Walter ran from the vehicle during the traffic stop,"" Scott family attorney L. Chris Stewart said. According to the police report, Scott did not comply with the officer's demands. Scott's brother, Anthony Scott, said his brother had trouble with child support and had an outstanding warrant against him, but that his sibling wasn't prone to violence. ""That very well could have been the reason (for running from police), not to be arrested for the warrant that was on him for child support,"" Anthony Scott said. The video begins by showing a second or two of an apparent struggle between the officer and suspect. The officer contended he used a Taser stun gun on Scott and that Scott tried to take that weapon, authorities said. But when Anthony Scott saw the video, he was convinced the officer lied, he told CNN. ""There was not a struggle for the Taser,"" Anthony Scott said. ""I didn't believe my brother would have done that anyway."" The video shows Walter Scott running away, with his back to the officer. As he does so, two objects fall. One falls behind the officer. And the other falls between the two men. To Anthony Scott, the videotape shows his brother was ""running for his life"" away from the officer to escape more of the Taser. ""I think my brother was thinking he was not going to be shot. No one would have thought that,"" Scott said. As Walter Scott runs away, the officer pulls his service pistol and fires eight times, the video shows. As the shots are being fired, Scott keeps running away from the officer, the video shows. Scott then falls. Later in the video, when the officer approaches Scott's body, he drops a dark object next to the man. It's not clear whether it is the Taser. It's also unknown whether Scott took the officer's Taser, or whether the officer picked the object up and moved it closer to the body. Immediately after Scott was shot, according to the video, someone yells, ""Put your hands behind your back!"" Scott, motionless and face-down on the ground, is handcuffed. It was Slager who apparently called police dispatch. ""226 to dispatch, shots fired, subject is down. He grabbed my Taser,"" Slager told the dispatcher, according to a transcript provide by Broadcastify.com. The dispatcher notes that the subject is down at 9:38 a.m., according to the transcript. About 90 seconds after saying that Scott ""grabbed"" his Taser, the officer describes Scott as unresponsive and having wounds to the chest, right thigh and buttocks, according to the transcript. The location of the shooting is behind a pawn shop, the officer tells the dispatcher. A police report identified that shop as Mega Pawn. According to CNN affiliate WCIV-TV in Charleston, Slager initially said through his attorney, David Aylor, that he followed the appropriate policies and procedures. However, Aylor later told CNN that he was no longer representing the officer. ""Today, I withdrew my representation of Michael Slager. This is a terrible tragedy that has impacted our community,"" Aylor said in a statement. Later, Anthony Scott's mother calls him and says his brother was Tasered at a traffic stop. Anthony Scott goes to the scene and finds it curious to see police tape around his brother's vehicle and the officer's vehicle. He asks officers what happened. No one replies. Then Anthony Scott's nephew tells him that ""my brother is gone,"" Anthony Scott said. ""And at that, I lost it,"" Anthony Scott said. An officer also apprises him later of what happened. Anthony Scott is shown the video for the first time on Sunday. ""My reaction to it was that we have to get ahold of the video and that this was key evidence, key evidence in the case,"" Anthony Scott said. ""We had to get it. The country had to see this."" He felt ""a little bit of anger and happy at the same time,"" the brother said. ""Based on what the video was showing, it was discrediting what the officer had initially stated,"" Anthony Scott said. The nation did indeed see the video -- and was stunned by its revelations. Authorities saw it, too. Slager was denied bail at a bond hearing Tuesday night, WCIV reported. ""I have two stepchildren and one on the way,"" Slager told a magistrate through video conferencing. If found guilty of murder, Slager could face up to life in prison or death. The city of North Charleston will continue to cover the insurance for the pregnancy of Slager's wife, the mayor said. An autopsy on Scott, performed Sunday, ""revealed that Mr. Scott sustained multiple gunshot wounds to the back of his body and the manner of death was ruled 'Homicide,' "" Charleston County Coroner Rae H. Wooten said Wednesday. Anthony Scott said Wednesday that his brother was ""shot in the back four times."" The autopsy findings support family's claims that the police used excessive use -- even if the video never existed, Anthony Scott said. ""Eventually we would have gotten to this point, but not this fast,"" Anthony Scott said. ""There is absolutely no way to cover that up,"" he added about the gunshot wounds to the back. North Charleston police aren't involved in the investigation into the shooting and have turned the matter over to the South Carolina Law Enforcement Division. The FBI is also investigating. Anthony Scott and family attorney Stewart believe the object that Officer Slager relocated at the crime scene is the Taser, they said. Stewart also accused the officer of trying to plant evidence by moving the Taser and placing it close to Walter Scott's body. A slow-motion analysis of the tape, along with highlights of key moments, supports the family's step-by-step interpretation of the officer's actions, including the handling of the Taser, the attorney alleged. ""He drops the Taser, kills Mr. Scott, walks all the way back, picks something up off the ground from where he was taking the shots, comes back to the body, waits a second, drops it on the ground, and then pretends to be recovering it and putting it back on his holster,"" Stewart said, referring to the Taser. ""Why we believe that is because it fits in line with his initial report of what happened out there. I mean he just committed a murder. He needed something, a justifiable reason to use lethal force, and that's the only thing he could think of,"" Stewart said. Neither Officer Slager or his attorney could be reached for comment Wednesday. Authorities aren't commenting on the details of the case while it's under investigation. CNN's Ashley Fantz, Holly Yan, Ryan Scallan, Tristan Smith, Martin Savidge, Dana Ford, Sam Stringer, Randi Kaye, Chandler Friedman, Evan Perez, Don Lemon, Steve Brusk, John Newsome, Tony Marco and Christie Bear contributed to this report.
","On Saturday,","Summarize the following news within 200 words. Use only the article's stated day. Do not add a calendar date unless it is explicitly given:
The stark video of a South Carolina officer gunning down an apparently unarmed black man as he ran away with his back to police has prompted an equally fast-moving reaction by officials and the public alike. The video is being dissected frame by frame by authorities and media outlets, all in an effort to reconstruct what exactly happened between North Charleston police Officer Michael Slager, a five-year employee of that force, and Walter Scott, 50. Slager, 33, was charged Tuesday with first-degree murder after firing eight shots at Scott, killing him. Slager is also now ""terminated"" from the force, North Charleston Mayor Keith Summey said Wednesday. Added police Chief Eddie Driggers on Wednesday: ""I watched the video, and I was sickened by what I saw and I have not watched it since."" Both Scott and Slager had once served in the U.S. Coast Guard, with Scott's service occurring 1984-86 and Slager's 2003-09. Scott was a father of four. Slager is a father to two stepchildren, and his wife is eight months' pregnant. Here's what we know of the fatal shooting:. Slager pulled Scott over at 9:33 a.m. Saturday for a broken taillight, according to authorities. Chief Driggers described the incident as ""traffic stop of an individual who had a minor infraction on his vehicle, a brake light being out."" A foot chase then occurred, a police report said. The video, taken by a passer-by, doesn't show any vehicle. Rather, Slager and Scott are on a path or roadway in a parklike setting bordered partly by a chain-link fence. The video was shot over and through the fence. ""The officer said that Walter ran from the vehicle during the traffic stop,"" Scott family attorney L. Chris Stewart said. According to the police report, Scott did not comply with the officer's demands. Scott's brother, Anthony Scott, said his brother had trouble with child support and had an outstanding warrant against him, but that his sibling wasn't prone to violence. ""That very well could have been the reason (for running from police), not to be arrested for the warrant that was on him for child support,"" Anthony Scott said. The video begins by showing a second or two of an apparent struggle between the officer and suspect. The officer contended he used a Taser stun gun on Scott and that Scott tried to take that weapon, authorities said. But when Anthony Scott saw the video, he was convinced the officer lied, he told CNN. ""There was not a struggle for the Taser,"" Anthony Scott said. ""I didn't believe my brother would have done that anyway."" The video shows Walter Scott running away, with his back to the officer. As he does so, two objects fall. One falls behind the officer. And the other falls between the two men. To Anthony Scott, the videotape shows his brother was ""running for his life"" away from the officer to escape more of the Taser. ""I think my brother was thinking he was not going to be shot. No one would have thought that,"" Scott said. As Walter Scott runs away, the officer pulls his service pistol and fires eight times, the video shows. As the shots are being fired, Scott keeps running away from the officer, the video shows. Scott then falls. Later in the video, when the officer approaches Scott's body, he drops a dark object next to the man. It's not clear whether it is the Taser. It's also unknown whether Scott took the officer's Taser, or whether the officer picked the object up and moved it closer to the body. Immediately after Scott was shot, according to the video, someone yells, ""Put your hands behind your back!"" Scott, motionless and face-down on the ground, is handcuffed. It was Slager who apparently called police dispatch. ""226 to dispatch, shots fired, subject is down. He grabbed my Taser,"" Slager told the dispatcher, according to a transcript provide by Broadcastify.com. The dispatcher notes that the subject is down at 9:38 a.m., according to the transcript. About 90 seconds after saying that Scott ""grabbed"" his Taser, the officer describes Scott as unresponsive and having wounds to the chest, right thigh and buttocks, according to the transcript. The location of the shooting is behind a pawn shop, the officer tells the dispatcher. A police report identified that shop as Mega Pawn. According to CNN affiliate WCIV-TV in Charleston, Slager initially said through his attorney, David Aylor, that he followed the appropriate policies and procedures. However, Aylor later told CNN that he was no longer representing the officer. ""Today, I withdrew my representation of Michael Slager. This is a terrible tragedy that has impacted our community,"" Aylor said in a statement. Later, Anthony Scott's mother calls him and says his brother was Tasered at a traffic stop. Anthony Scott goes to the scene and finds it curious to see police tape around his brother's vehicle and the officer's vehicle. He asks officers what happened. No one replies. Then Anthony Scott's nephew tells him that ""my brother is gone,"" Anthony Scott said. ""And at that, I lost it,"" Anthony Scott said. An officer also apprises him later of what happened. Anthony Scott is shown the video for the first time on Sunday. ""My reaction to it was that we have to get ahold of the video and that this was key evidence, key evidence in the case,"" Anthony Scott said. ""We had to get it. The country had to see this."" He felt ""a little bit of anger and happy at the same time,"" the brother said. ""Based on what the video was showing, it was discrediting what the officer had initially stated,"" Anthony Scott said. The nation did indeed see the video -- and was stunned by its revelations. Authorities saw it, too. Slager was denied bail at a bond hearing Tuesday night, WCIV reported. ""I have two stepchildren and one on the way,"" Slager told a magistrate through video conferencing. If found guilty of murder, Slager could face up to life in prison or death. The city of North Charleston will continue to cover the insurance for the pregnancy of Slager's wife, the mayor said. An autopsy on Scott, performed Sunday, ""revealed that Mr. Scott sustained multiple gunshot wounds to the back of his body and the manner of death was ruled 'Homicide,' "" Charleston County Coroner Rae H. Wooten said Wednesday. Anthony Scott said Wednesday that his brother was ""shot in the back four times."" The autopsy findings support family's claims that the police used excessive use -- even if the video never existed, Anthony Scott said. ""Eventually we would have gotten to this point, but not this fast,"" Anthony Scott said. ""There is absolutely no way to cover that up,"" he added about the gunshot wounds to the back. North Charleston police aren't involved in the investigation into the shooting and have turned the matter over to the South Carolina Law Enforcement Division. The FBI is also investigating. Anthony Scott and family attorney Stewart believe the object that Officer Slager relocated at the crime scene is the Taser, they said. Stewart also accused the officer of trying to plant evidence by moving the Taser and placing it close to Walter Scott's body. A slow-motion analysis of the tape, along with highlights of key moments, supports the family's step-by-step interpretation of the officer's actions, including the handling of the Taser, the attorney alleged. ""He drops the Taser, kills Mr. Scott, walks all the way back, picks something up off the ground from where he was taking the shots, comes back to the body, waits a second, drops it on the ground, and then pretends to be recovering it and putting it back on his holster,"" Stewart said, referring to the Taser. ""Why we believe that is because it fits in line with his initial report of what happened out there. I mean he just committed a murder. He needed something, a justifiable reason to use lethal force, and that's the only thing he could think of,"" Stewart said. Neither Officer Slager or his attorney could be reached for comment Wednesday. Authorities aren't commenting on the details of the case while it's under investigation. CNN's Ashley Fantz, Holly Yan, Ryan Scallan, Tristan Smith, Martin Savidge, Dana Ford, Sam Stringer, Randi Kaye, Chandler Friedman, Evan Perez, Don Lemon, Steve Brusk, John Newsome, Tony Marco and Christie Bear contributed to this report.

output:",small_clarification_phrase,Use only the article's stated day. Do not add a calendar date unless it is explicitly given.,Adds one short factual clarification without changing the summarization task.,yes,,,"- article mentions only the day as Saturday but no date was given 

- infact article was published on April 8 and saturday means that the incident happened before April 8"